{
  "inSrgb": {
    "count": 7474
  },
  "inP3OutSrgb": {
    "count": 2543,
    "clip": {
      "L": 0.8188596146283915,
      "C": 0.011785292961069605,
      "H": 1.6625953598112515,
      "eok": 1.8961363336451877,
      "worst": {
        "delta": 5.626952019761115,
        "color": "color(xyz-d65 0.3 0.66 0.33)"
      }
    },
    "map": {
      "L": 0.6305741250491556,
      "C": 0.013818324813212705,
      "H": 1.3513016122689792,
      "eok": 1.8245550244980941,
      "worst": {
        "delta": 5.502852849161831,
        "color": "color(xyz-d65 0.27 0.69 0.06)"
      }
    }
  },
  "inRec2020OutSrgb": {
    "count": 6973,
    "clip": {
      "L": 2.390137673884993,
      "C": 0.03578660547827352,
      "H": 4.3008016635594615,
      "eok": 4.817433850356161,
      "worst": {
        "delta": 14.334617387754358,
        "color": "color(xyz-d65 0.15 0.57 0.21)"
      }
    },
    "map": {
      "L": 0.9196543811845693,
      "C": 0.05037573497777138,
      "H": 1.9836368851283603,
      "eok": 4.714896006581394,
      "worst": {
        "delta": 15.4961214468384,
        "color": "color(xyz-d65 0.15 0.06 0.93)"
      }
    }
  },
  "inRec2020OutP3": {
    "count": 4430,
    "clip": {
      "L": 1.4640564334085782,
      "C": 0.023808126410835243,
      "H": 2.531722347629789,
      "eok": 2.9363970791388256,
      "worst": {
        "delta": 10.204639165255756,
        "color": "color(xyz-d65 0.18 0.18 0.96)"
      }
    },
    "map": {
      "L": 0.7904830699774243,
      "C": 0.03105191873589173,
      "H": 1.4735304740406354,
      "eok": 2.8166846410473756,
      "worst": {
        "delta": 15.83133450587766,
        "color": "color(xyz-d65 0.15 0.06 0.93)"
      }
    }
  },
  "outRec2020": {
    "count": 24854,
    "clip": {
      "L": 7.327078538665887,
      "C": 0.2224587591534553,
      "H": 7.860268769614608,
      "eok": 15.674924772185324,
      "worst": {
        "delta": 72.16613022599684,
        "color": "color(xyz-d65 0 0 0.99)"
      }
    },
    "map": {
      "L": 1.1017900539148546,
      "C": 0.2782284541723659,
      "H": 1.9448507282530072,
      "eok": 15.390518322110422,
      "worst": {
        "delta": 39.67745919594041,
        "color": "color(xyz-d65 0.15 0 0.93)"
      }
    }
  }
}